depth,qc,fs
0.00,0.00,0.000
0.01,1.01,0.920
0.02,1.49,-1.080
0.03,2.02,3.500
0.04,2.55,4.160
0.05,2.96,9.680
0.06,3.25,16.380
0.07,3.56,18.380
0.08,3.83,24.620
0.09,3.98,28.460
0.10,4.10,34.800
0.11,4.28,38.320
0.12,4.50,44.100
0.13,4.67,46.240
0.14,4.88,48.620
0.15,5.12,49.660
0.16,5.34,53.620
0.17,5.67,53.540
0.18,5.90,53.960
0.19,6.12,53.280
0.20,6.37,52.500
0.21,6.49,51.060
0.22,6.57,49.320
0.23,6.66,47.080
0.24,6.80,43.520
0.25,6.94,40.860
0.26,7.08,39.380
0.27,7.26,38.400
0.28,7.30,38.920
0.29,7.35,39.680
0.30,7.33,40.800
0.31,7.21,40.960
0.32,7.08,41.540
0.33,6.80,42.480
0.34,6.36,43.740
0.35,5.81,44.460
0.36,5.17,45.900
0.37,4.59,48.360
0.38,4.08,50.940
0.39,3.67,53.740
0.40,3.36,57.900
0.41,3.15,61.660
0.42,2.94,65.380
0.43,2.74,70.600
0.44,2.58,74.320
0.45,2.43,79.340
0.46,2.29,87.060
0.47,2.26,90.260
0.48,2.28,86.760
0.49,2.28,85.480
0.50,2.44,86.920
0.51,2.51,87.920
0.52,2.58,89.160
0.53,2.62,90.760
0.54,2.54,93.460
0.55,2.45,94.640
0.56,2.26,91.780
0.57,2.20,90.320
0.58,2.13,88.540
0.59,2.14,87.820
0.60,2.22,89.660
0.61,2.56,89.640
0.62,2.92,86.420
0.63,3.36,85.100
0.64,3.76,84.760
0.65,4.00,82.400
0.66,4.00,78.560
0.67,4.02,75.940
0.68,4.05,79.220
0.69,4.45,83.300
0.70,4.60,82.000
0.71,4.61,85.840
0.72,4.51,84.700
0.73,4.26,86.900
0.74,4.13,91.020
0.75,4.24,89.780
0.76,4.20,86.780
0.77,3.89,87.960
0.78,3.90,93.360
0.79,3.97,92.240
0.80,3.90,92.500
0.81,3.69,95.020
0.82,3.51,98.580
0.83,3.24,96.420
0.84,2.89,96.820
0.85,2.49,93.340
0.86,2.23,92.700
0.87,1.79,93.560
0.88,1.65,94.880
0.89,1.51,95.940
0.90,1.53,92.920
0.91,1.55,86.160
0.92,1.60,80.980
0.93,1.70,76.720
0.94,1.77,72.020
0.95,1.74,70.400
0.96,1.65,68.320
0.97,1.55,66.160
0.98,1.59,56.200
0.99,1.59,56.140
1.00,1.54,54.160
1.01,1.49,53.180
1.02,1.49,54.540
1.03,1.48,53.520
1.04,1.45,53.640
1.05,1.43,53.740
1.06,1.37,53.460
1.07,1.29,53.440
1.08,1.80,55.680
1.09,1.95,51.680
1.10,1.92,50.200
1.11,1.82,48.140
1.12,1.77,46.660
1.13,1.65,41.760
1.14,1.57,39.820
1.15,1.52,39.220
1.16,1.34,37.960
1.17,1.24,39.340
1.18,1.23,37.620
1.19,1.24,38.820
1.20,1.00,41.520
1.21,0.75,42.580
1.22,0.65,39.920
1.23,0.61,40.680
1.24,0.60,40.580
1.25,0.63,39.520
1.26,0.60,38.780
1.27,0.57,37.920
1.28,0.56,36.400
1.29,0.56,33.100
1.30,0.46,30.600
1.31,0.42,32.040
1.32,0.40,31.320
1.33,0.39,29.720
1.34,0.38,28.360
1.35,0.37,27.080
1.36,0.37,27.600
1.37,0.37,25.600
1.38,0.38,25.440
1.39,0.39,24.940
1.40,0.40,25.160
1.41,0.43,25.160
1.42,0.46,25.080
1.43,0.48,24.740
1.44,0.47,25.160
1.45,0.47,24.800
1.46,0.51,29.800
1.47,0.49,30.320
1.48,0.48,30.040
1.49,0.47,30.200
1.50,0.46,30.300
1.51,0.45,29.520
1.52,0.45,30.260
1.53,0.46,30.780
1.54,0.47,32.300
1.55,0.49,34.060
1.56,0.50,36.500
1.57,0.53,37.420
1.58,0.56,37.480
1.59,0.56,37.460
1.60,0.56,38.000
1.61,0.57,37.920
1.62,0.60,36.640
1.63,0.62,35.740
1.64,0.62,36.240
1.65,0.62,36.520
1.66,0.61,36.500
1.67,0.65,36.960
1.68,0.64,37.760
1.69,0.61,38.460
1.70,0.57,39.200
1.71,0.56,40.880
1.72,0.55,41.900
1.73,0.54,42.680
1.74,0.53,42.420
1.75,0.53,42.860
1.76,0.53,43.280
1.77,0.52,44.080
1.78,0.51,44.540
1.79,0.50,45.400
1.80,0.49,45.540
1.81,0.48,45.360
1.82,0.47,44.120
1.83,0.46,43.080
1.84,0.44,40.120
1.85,0.43,39.240
1.86,0.41,38.200
1.87,0.39,37.440
1.88,0.38,36.460
1.89,0.37,35.980
1.90,0.37,35.340
1.91,0.37,34.140
1.92,0.36,33.480
1.93,0.35,39.380
1.94,0.41,39.140
1.95,0.40,38.060
1.96,0.37,37.860
1.97,0.37,37.500
1.98,0.37,37.660
1.99,0.37,38.120
2.00,0.37,38.980
2.01,0.37,39.500
2.02,0.37,39.640
2.03,0.37,39.480
2.04,0.37,39.720
2.05,0.36,40.300
2.06,0.36,41.040
2.07,0.35,42.100
2.08,0.34,43.180
2.09,0.34,44.160
2.10,0.34,44.320
2.11,0.36,44.300
2.12,0.36,43.940
2.13,0.36,43.640
2.14,0.37,43.640
2.15,0.37,43.340
2.16,0.37,43.360
2.17,0.37,43.300
2.18,0.37,43.620
2.19,0.37,43.800
2.20,0.37,44.040
2.21,0.37,44.240
2.22,0.37,45.000
2.23,0.37,45.960
2.24,0.36,47.380
2.25,0.35,47.880
2.26,0.34,48.720
2.27,0.32,49.260
2.28,0.31,49.140
2.29,0.31,48.400
2.30,0.31,47.580
2.31,0.31,47.080
2.32,0.32,46.000
2.33,0.33,44.680
2.34,0.34,43.640
2.35,0.36,42.640
2.36,0.38,41.980
2.37,0.41,40.660
2.38,0.42,40.660
2.39,0.43,41.320
2.40,0.40,42.700
2.41,0.37,43.860
2.42,0.41,53.640
2.43,0.40,52.500
2.44,0.39,52.460
2.45,0.39,52.420
2.46,0.39,51.720
2.47,0.38,51.280
2.48,0.38,51.180
2.49,0.38,51.060
2.50,0.38,50.800
2.51,0.38,50.880
2.52,0.38,50.340
2.53,0.38,50.300
2.54,0.38,49.200
2.55,0.37,48.120
2.56,0.38,47.180
2.57,0.39,46.360
2.58,0.40,46.100
2.59,0.41,46.320
2.60,0.42,46.700
2.61,0.42,47.040
2.62,0.42,48.020
2.63,0.43,48.300
2.64,0.44,48.520
2.65,0.44,48.760
2.66,0.44,48.760
2.67,0.43,49.240
2.68,0.43,49.820
2.69,0.42,49.960
2.70,0.41,49.480
2.71,0.41,48.920
2.72,0.42,48.620
2.73,0.43,47.780
2.74,0.43,47.820
2.75,0.43,47.580
2.76,0.43,47.400
2.77,0.42,47.200
2.78,0.41,47.060
2.79,0.39,46.160
2.80,0.39,45.360
2.81,0.38,44.640
2.82,0.38,44.220
2.83,0.38,43.720
2.84,0.39,43.120
2.85,0.39,42.880
2.86,0.39,42.880
2.87,0.39,42.620
2.88,0.37,42.280
2.89,0.35,40.880
2.90,0.42,44.140
2.91,0.49,43.460
2.92,0.54,42.980
2.93,0.59,43.740
2.94,0.62,42.520
2.95,0.64,41.260
2.96,0.67,39.020
2.97,0.68,38.680
2.98,0.67,38.140
2.99,0.64,39.080
3.00,0.62,40.560
3.01,0.59,37.060
3.02,0.56,31.840
3.03,0.53,25.820
3.04,0.50,24.880
3.05,0.44,23.660
3.06,0.43,24.240
3.07,0.48,23.580
3.08,0.68,20.780
3.09,1.09,17.480
3.10,1.91,19.400
3.11,2.49,19.320
3.12,3.42,17.580
3.13,3.79,17.360
3.14,3.92,17.200
3.15,4.07,18.940
3.16,4.14,17.920
3.17,4.20,20.300
3.18,4.21,19.820
3.19,4.18,19.800
3.20,4.14,20.120
3.21,4.07,21.060
3.22,3.99,22.100
3.23,3.94,22.140
3.24,3.88,22.760
3.25,3.81,22.680
3.26,3.77,23.500
3.27,3.75,23.820
3.28,3.75,23.540
3.29,3.74,22.920
3.30,3.76,23.140
3.31,3.77,22.400
3.32,3.81,22.340
3.33,3.84,21.880
3.34,3.89,22.080
3.35,3.93,22.440
3.36,4.01,22.320
3.37,4.09,22.920
3.38,4.25,23.080
3.39,4.47,23.600
3.40,4.66,23.500
3.41,5.02,24.120
3.42,5.32,24.380
3.43,5.80,25.300
3.44,6.14,25.040
3.45,6.58,25.000
3.46,7.03,24.960
3.47,7.60,26.380
3.48,7.80,25.720
3.49,7.99,24.700
3.50,8.45,23.880
3.51,8.93,17.340
3.52,9.42,21.740
3.53,9.49,20.980
3.54,9.73,21.200
3.55,9.88,24.780
3.56,9.79,24.020
3.57,9.95,28.440
3.58,10.10,26.240
3.59,10.02,28.180
3.60,10.01,29.820
3.61,9.85,32.300
3.62,9.81,37.560
3.63,9.79,38.660
3.64,9.76,40.700
3.65,9.53,39.800
3.66,9.65,42.840
3.67,9.66,48.520
3.68,9.77,46.660
3.69,9.92,43.400
3.70,10.07,45.380
3.71,10.24,46.640
3.72,10.51,48.220
3.73,10.80,48.400
3.74,11.19,46.960
3.75,11.62,46.340
3.76,11.82,45.860
3.77,11.95,45.620
3.78,12.15,44.300
3.79,12.53,43.300
3.80,12.89,41.300
3.81,13.26,44.160
3.82,13.62,44.080
3.83,13.93,43.800
3.84,14.07,43.420
3.85,14.10,44.140
3.86,14.26,44.760
3.87,14.41,46.360
3.88,14.47,47.600
3.89,14.51,49.800
3.90,14.59,49.400
3.91,14.70,54.580
3.92,14.89,56.500
3.93,14.88,53.060
3.94,14.86,57.700
3.95,14.84,55.320
3.96,14.85,56.120
3.97,15.03,55.400
3.98,13.80,53.600
3.99,14.66,44.660
4.00,15.06,42.820
4.01,15.26,51.820
4.02,15.40,45.640
4.03,15.39,43.220
4.04,15.48,43.900
4.05,15.64,41.780
4.06,15.70,41.540
4.07,15.75,39.600
4.08,15.44,44.820
4.09,15.54,48.540
4.10,15.56,43.280
4.11,15.49,41.900
4.12,15.58,34.740
4.13,15.56,34.800
4.14,16.04,34.220
4.15,16.13,31.080
4.16,16.39,30.840
4.17,15.50,40.480
4.18,15.48,48.720
4.19,15.26,80.560
4.20,15.57,67.800
4.21,15.57,62.620
4.22,15.47,63.580
4.23,15.39,74.940
4.24,15.50,74.480
4.25,15.42,74.720
4.26,15.44,79.340
4.27,15.45,84.320
4.28,15.50,85.880
4.29,15.55,91.140
4.30,15.60,95.680
4.31,15.65,95.960
4.32,15.71,83.120
4.33,15.76,72.000
4.34,15.83,74.940
4.35,15.86,75.440
4.36,15.95,76.160
4.37,15.84,69.160
4.38,15.62,78.880
4.39,15.53,76.120
4.40,15.30,67.340
4.41,15.13,66.520
4.42,14.88,66.360
4.43,14.79,66.540
4.44,14.72,65.520
4.45,14.69,64.940
4.46,13.42,64.160
4.47,14.16,54.180
4.48,14.30,57.240
4.49,14.43,58.480
4.50,14.46,59.260
4.51,14.51,61.640
4.52,14.55,60.620
4.53,14.59,62.440
4.54,14.59,64.460
4.55,14.61,63.460
4.56,14.57,63.680
4.57,14.56,62.800
4.58,14.63,62.100
4.59,14.66,60.420
4.60,14.61,61.760
4.61,14.48,64.380
4.62,14.33,64.140
4.63,14.07,64.760
4.64,14.04,64.220
4.65,13.94,63.000
4.66,13.86,63.820
4.67,13.70,62.380
4.68,13.53,61.740
4.69,13.34,61.520
4.70,13.04,59.300
4.71,12.76,58.640
4.72,12.55,59.280
4.73,12.29,60.660
4.74,12.06,59.540
4.75,11.87,60.220
4.76,11.69,59.320
4.77,11.49,59.040
4.78,11.28,59.020
4.79,11.04,60.660
4.80,10.80,61.160
4.81,10.69,61.800
4.82,10.62,61.460
4.83,10.56,60.100
4.84,10.48,60.820
4.85,10.43,59.860
4.86,10.36,58.780
4.87,10.28,56.280
4.88,10.11,55.800
4.89,9.87,57.580
4.90,9.57,56.840
4.91,9.35,53.640
4.92,9.21,55.020
4.93,8.98,55.160
4.94,8.85,52.300
4.95,9.06,50.840
4.96,9.10,50.320
4.97,9.06,50.160
4.98,8.95,52.260
4.99,8.88,51.500
5.00,8.79,49.680
5.01,8.68,47.520
5.02,8.61,45.000
5.03,8.59,42.300
5.04,8.68,39.800
5.05,8.83,38.040
5.06,9.01,38.120
5.07,9.28,37.740
5.08,9.43,37.360
5.09,9.49,36.520
5.10,9.58,41.840
5.11,9.64,40.040
5.12,9.66,39.380
5.13,9.64,41.160
5.14,9.58,41.620
5.15,9.52,43.100
5.16,9.51,42.660
5.17,9.47,42.520
5.18,9.45,43.220
5.19,9.41,42.940
5.20,9.38,44.100
5.21,9.32,44.220
5.22,9.30,45.380
5.23,9.28,45.460
5.24,9.26,43.300
5.25,9.24,42.820
5.26,9.21,44.020
5.27,9.16,43.920
5.28,9.09,45.200
5.29,9.05,44.780
5.30,9.03,45.660
5.31,9.03,46.080
5.32,9.10,47.460
5.33,9.09,46.380
5.34,9.13,46.220
5.35,9.14,46.080
5.36,9.11,43.320
5.37,9.12,42.820
5.38,9.16,40.620
5.39,9.19,41.720
5.40,9.30,40.380
5.41,9.21,45.280
5.42,9.38,35.640
5.43,9.77,38.200
5.44,10.02,39.660
5.45,10.36,38.000
5.46,10.53,40.360
5.47,10.70,40.300
5.48,10.83,41.100
5.49,11.05,43.000
5.50,11.19,44.200
5.51,11.32,45.680
5.52,11.42,47.440
5.53,11.51,49.580
5.54,11.61,51.720
5.55,11.67,53.320
5.56,11.70,54.680
5.57,11.71,56.940
5.58,11.71,57.700
5.59,11.69,59.840
5.60,11.66,61.580
5.61,11.64,61.720
5.62,11.56,61.700
5.63,11.41,64.120
5.64,11.26,64.460
5.65,11.12,63.280
5.66,10.94,64.660
5.67,10.69,65.440
5.68,10.54,64.860
5.69,10.40,64.340
5.70,10.25,66.080
5.71,10.09,65.000
5.72,9.95,62.140
5.73,9.78,62.080
5.74,9.63,60.720
5.75,9.53,59.140
5.76,9.44,59.360
5.77,9.35,57.680
5.78,9.33,55.300
5.79,9.28,53.740
5.80,9.25,53.820
5.81,9.25,51.860
5.82,9.25,51.120
5.83,9.27,50.480
5.84,9.29,49.900
5.85,9.31,48.420
5.86,9.32,48.000
5.87,9.32,47.180
5.88,9.34,46.280
5.89,9.07,40.400
5.90,9.24,40.200
5.91,9.33,40.800
5.92,9.44,40.660
5.93,9.54,41.440
5.94,9.64,40.900
5.95,9.73,41.080
5.96,9.82,41.620
5.97,9.89,42.480
5.98,9.95,42.900
5.99,9.99,43.580
6.00,10.00,43.940
6.01,10.03,44.260
6.02,10.10,43.940
6.03,10.14,44.840
6.04,10.17,46.460
6.05,10.22,45.880
6.06,10.28,47.080
6.07,10.42,47.420
6.08,10.52,47.640
6.09,10.65,47.460
6.10,10.80,46.760
6.11,11.04,45.780
6.12,11.20,44.660
6.13,11.31,45.820
6.14,11.45,45.660
6.15,11.50,46.380
6.16,11.52,44.600
6.17,11.49,46.260
6.18,11.42,49.780
6.19,11.41,50.060
6.20,11.41,50.520
6.21,11.37,52.400
6.22,11.34,53.180
6.23,11.31,53.300
6.24,11.30,53.780
6.25,11.30,54.080
6.26,11.24,52.760
6.27,11.22,54.360
6.28,11.17,54.000
6.29,11.12,54.160
6.30,11.07,52.820
6.31,11.00,53.960
6.32,10.91,49.300
6.33,10.86,50.540
6.34,10.90,49.340
6.35,10.99,48.520
6.36,10.98,48.100
6.37,10.91,42.680
6.38,11.09,45.080
6.39,11.21,43.380
6.40,11.32,43.740
6.41,11.33,43.860
6.42,11.32,44.240
6.43,11.29,45.020
6.44,11.23,45.960
6.45,11.16,47.220
6.46,11.06,47.820
6.47,10.90,49.060
6.48,10.65,51.200
6.49,10.50,51.540
6.50,10.36,54.100
6.51,10.25,55.720
6.52,10.21,54.700
6.53,10.21,54.000
6.54,10.23,55.280
6.55,10.27,53.800
6.56,10.32,53.060
6.57,10.36,52.720
6.58,10.39,51.520
6.59,10.36,50.080
6.60,10.30,48.820
6.61,10.22,49.000
6.62,10.12,48.700
6.63,10.05,48.760
6.64,9.96,49.940
6.65,9.93,50.100
6.66,9.91,48.760
6.67,9.87,50.340
6.68,9.87,50.520
6.69,9.90,50.020
6.70,9.89,51.340
6.71,9.96,50.580
6.72,9.97,49.900
6.73,10.15,49.840
6.74,10.23,47.340
6.75,10.29,48.360
6.76,10.34,45.440
6.77,10.40,44.620
6.78,10.49,43.240
6.79,10.64,43.500
6.80,10.73,40.060
6.81,10.67,40.600
6.82,10.62,39.380
6.83,10.62,39.600
6.84,10.54,32.500
6.85,10.53,34.040
6.86,10.34,33.340
6.87,10.37,34.720
6.88,10.29,33.300
6.89,10.29,29.920
6.90,10.27,29.400
6.91,10.14,27.100
6.92,10.04,33.500
6.93,9.97,36.800
6.94,10.02,34.280
6.95,9.96,36.040
6.96,9.99,36.360
6.97,10.02,37.800
6.98,10.05,40.080
6.99,6.67,14.940
7.00,9.69,38.700
7.01,9.82,36.620
7.02,9.81,31.860
7.03,9.79,31.700
7.04,9.73,32.220
7.05,9.59,34.380
7.06,9.53,42.300
7.07,9.51,37.000
7.08,9.39,37.660
7.09,9.35,41.220
7.10,9.30,38.340
7.11,9.12,37.600
7.12,9.04,39.920
7.13,8.84,39.660
7.14,8.72,41.460
7.15,8.62,41.980
7.16,8.61,41.840
7.17,8.53,40.140
7.18,8.55,38.260
7.19,8.57,36.880
7.20,8.67,33.180
7.21,8.77,34.020
7.22,8.79,32.720
7.23,8.98,33.760
7.24,8.77,35.820
7.25,8.67,47.780
7.26,8.55,60.220
7.27,8.64,54.940
7.28,8.64,50.220
7.29,8.67,49.940
7.30,8.70,49.100
7.31,8.57,48.420
7.32,8.52,48.180
7.33,8.46,46.800
7.34,8.41,45.900
7.35,8.38,45.760
7.36,8.38,45.720
7.37,8.34,42.880
7.38,8.42,40.000
7.39,8.27,33.200
7.40,8.22,33.920
7.41,8.20,38.500
7.42,8.27,32.720
7.43,8.25,33.620
7.44,8.16,35.620
7.45,7.90,30.500
7.46,7.96,31.540
7.47,8.16,29.120
7.48,8.05,26.640
7.49,8.13,30.560
7.50,8.09,29.020
7.51,7.62,32.500
7.52,7.64,33.120
7.53,7.56,30.840
7.54,7.47,29.880
7.55,7.47,29.120
7.56,7.40,28.480
7.57,7.39,29.780
7.58,7.41,29.440
7.59,7.37,31.840
7.60,7.59,33.780
7.61,7.66,35.860
7.62,7.77,38.280
7.63,7.86,47.440
7.64,7.77,39.340
7.65,7.57,43.860
7.66,7.77,43.620
7.67,7.94,39.200
7.68,7.97,42.760
7.69,7.86,45.000
7.70,7.78,45.940
7.71,8.41,41.840
7.72,8.50,39.740
7.73,8.70,38.620
7.74,8.76,33.560
7.75,8.88,29.940
7.76,8.74,25.540
7.77,8.56,29.280
7.78,8.76,25.480
7.79,8.78,23.720
7.80,9.31,25.960
7.81,9.43,24.120
7.82,9.21,22.540
7.83,9.22,27.200
7.84,9.40,27.060
7.85,9.61,31.620
7.86,9.71,36.820
7.87,9.87,48.180
7.88,9.92,46.240
7.89,9.33,42.320
7.90,9.03,48.420
7.91,9.06,57.220
7.92,8.91,56.240
7.93,9.00,58.180
7.94,8.98,61.520
7.95,9.02,57.960
7.96,8.33,54.280
7.97,8.77,49.100
7.98,8.69,50.400
7.99,8.71,56.220
8.00,8.57,56.480
8.01,8.49,57.320
8.02,8.48,58.420
8.03,8.40,57.480
8.04,8.34,39.140
8.05,8.18,37.440
8.06,8.11,37.240
8.07,7.95,37.300
8.08,7.85,38.840
8.09,7.82,39.680
8.10,7.81,36.240
8.11,7.72,36.140
8.12,7.68,36.940
8.13,7.71,34.960
8.14,7.63,35.700
8.15,7.55,36.760
8.16,7.76,34.560
8.17,7.86,32.720
8.18,8.08,30.580
8.19,8.19,29.940
8.20,8.30,29.220
8.21,7.95,29.860
8.22,7.91,32.540
8.23,7.74,42.540
8.24,7.81,41.020
8.25,7.79,37.480
8.26,7.93,35.520
8.27,8.08,35.520
8.28,8.15,35.460
8.29,8.16,36.660
8.30,8.45,39.580
8.31,8.62,40.960
8.32,9.02,41.340
8.33,9.12,43.280
8.34,9.27,44.820
8.35,9.29,46.220
8.36,9.45,37.440
8.37,9.56,37.120
8.38,9.65,36.740
8.39,9.71,39.280
8.40,9.70,39.320
8.41,9.64,40.560
8.42,9.63,41.660
8.43,9.63,39.360
8.44,9.43,38.780
8.45,9.49,37.900
8.46,9.57,39.740
8.47,9.61,39.420
8.48,9.73,38.980
8.49,9.81,38.260
8.50,10.02,38.340
8.51,10.20,39.900
8.52,10.21,38.300
8.53,10.47,47.060
8.54,10.75,43.740
8.55,11.08,42.920
8.56,11.44,41.780
8.57,11.73,37.480
8.58,11.99,44.260
8.59,12.39,42.960
8.60,12.73,40.520
8.61,13.22,39.240
8.62,13.24,42.360
8.63,13.50,43.820
8.64,13.54,42.960
8.65,13.42,41.440
8.66,13.11,46.700
8.67,13.00,47.560
8.68,12.74,50.220
8.69,12.74,47.280
8.70,12.35,50.280
8.71,12.15,49.540
8.72,11.87,49.120
8.73,11.56,50.560
8.74,11.24,52.780
8.75,10.87,54.840
8.76,10.49,53.420
8.77,10.24,48.760
8.78,9.97,52.340
8.79,9.75,47.540
8.80,9.46,48.520
8.81,9.32,46.920
8.82,9.15,45.840
8.83,8.91,44.200
8.84,8.87,41.440
8.85,8.57,42.380
8.86,8.40,41.680
8.87,8.28,41.100
8.88,8.22,38.440
8.89,8.13,37.560
8.90,7.91,35.620
8.91,7.83,33.860
8.92,5.95,47.460
8.93,7.47,32.620
8.94,7.48,31.180
8.95,7.43,32.680
8.96,7.43,33.680
8.97,7.41,33.860
8.98,7.36,34.920
8.99,7.34,33.200
9.00,7.29,32.560
9.01,7.28,30.680
9.02,7.23,29.360
9.03,7.19,30.880
9.04,7.16,32.260
9.05,7.12,29.880
9.06,7.10,27.160
9.07,7.16,27.960
9.08,7.27,31.840
9.09,7.43,30.900
9.10,7.50,33.660
9.11,7.60,35.220
9.12,7.73,35.880
9.13,7.80,35.380
9.14,7.94,35.220
9.15,8.08,33.520
9.16,8.18,33.940
9.17,7.98,33.820
9.18,8.04,40.340
9.19,8.20,39.740
9.20,8.38,36.660
9.21,8.67,36.960
9.22,8.87,35.580
9.23,9.08,36.460
9.24,9.33,35.780
9.25,9.84,36.260
9.26,10.21,38.700
9.27,10.76,38.420
9.28,11.49,38.680
9.29,12.71,38.800
9.30,13.66,37.540
9.31,14.56,38.180
9.32,15.78,31.080
9.33,16.43,33.960
9.34,17.19,36.200
9.35,17.59,37.640
9.36,17.79,37.640
9.37,17.65,36.040
9.38,17.00,42.920
9.39,15.92,42.240
9.40,15.52,46.860
9.41,14.36,40.180
9.42,14.23,44.740
9.43,14.08,49.800
9.44,14.13,49.020
9.45,14.27,47.740
9.46,14.00,47.120
9.47,13.97,54.100
9.48,13.95,59.460
9.49,14.22,56.160
9.50,14.33,56.200
9.51,14.40,57.440
9.52,14.57,51.060
9.53,14.65,51.360
9.54,15.00,54.240
9.55,15.64,53.660
9.56,16.19,49.860
9.57,16.64,57.820
9.58,17.35,55.760
9.59,18.71,48.600
9.60,19.62,55.840
9.61,20.70,52.840
9.62,22.09,49.780
9.63,23.98,51.920
9.64,24.91,50.200
9.65,27.01,48.640
9.66,28.33,57.060
9.67,27.89,75.340
9.68,27.35,61.580
9.69,27.57,72.140
9.70,27.99,70.820
9.71,28.82,74.140
9.72,29.67,65.280
9.73,30.59,53.900
9.74,31.19,50.300
9.75,31.89,65.240
9.76,33.01,64.060
9.77,33.50,75.860
9.78,34.01,70.300
9.79,34.07,64.960
9.80,34.21,85.720
9.81,33.81,75.500
9.82,31.82,69.200
9.83,30.97,91.380
9.84,29.43,96.620
9.85,28.89,82.620
9.86,27.21,109.660
9.87,25.16,89.920
9.88,22.42,66.280
9.89,21.49,56.080
9.90,20.62,61.580
9.91,19.82,59.040
9.92,18.37,47.720
9.93,17.36,48.960
9.94,16.95,52.400
9.95,16.08,54.880
9.96,15.69,53.340
9.97,15.35,56.160
9.98,15.04,60.360
9.99,14.83,59.740
10.00,14.54,63.400
10.01,14.33,61.460
10.02,14.12,64.060
10.03,13.91,65.180
10.04,13.75,67.260
10.05,13.52,68.500
10.06,13.37,68.860
10.07,13.24,59.940
10.08,13.13,50.100
10.09,13.04,45.840
10.10,12.97,45.120
10.11,12.93,44.120
10.12,12.92,43.800
10.13,12.90,43.240
10.14,12.90,43.640
10.15,12.90,44.020
10.16,12.87,44.300
10.17,12.88,44.720
10.18,12.91,43.500
10.19,12.91,44.360
10.20,12.92,45.040
10.21,12.94,45.240
10.22,12.98,43.760
10.23,13.11,41.960
10.24,13.16,42.540
10.25,13.27,40.780
10.26,13.36,42.100
10.27,13.52,41.280
10.28,13.67,39.840
10.29,13.84,40.380
10.30,13.94,41.920
10.31,13.98,41.920
10.32,13.85,44.080
10.33,13.58,43.320
10.34,12.21,49.780
10.35,12.00,48.280
10.36,11.70,51.340
10.37,11.50,51.140
10.38,11.37,50.120
10.39,11.17,49.920
10.40,11.05,49.540
10.41,10.84,50.300
10.42,10.71,51.560
10.43,10.53,49.400
10.44,10.39,49.340
10.45,10.24,49.220
10.46,10.18,47.680
10.47,10.10,45.980
10.48,10.05,44.120
10.49,9.98,42.340
10.50,9.94,42.760
10.51,9.87,41.400
10.52,9.81,41.560
10.53,9.79,40.620
10.54,9.73,38.700
10.55,9.70,39.220
10.56,9.66,40.280
10.57,9.63,39.760
10.58,9.61,39.600
10.59,9.61,38.760
10.60,9.61,38.580
10.61,9.55,38.820
10.62,9.57,38.520
10.63,9.59,37.420
10.64,9.63,37.300
10.65,9.66,37.280
10.66,9.66,36.980
10.67,9.67,37.040
10.68,9.70,36.100
10.69,9.71,35.080
10.70,9.71,35.020
10.71,9.71,34.300
10.72,9.73,34.000
10.73,9.74,34.220
10.74,9.73,35.280
10.75,9.74,35.580
10.76,9.75,33.540
10.77,9.78,33.800
10.78,9.81,33.380
10.79,9.82,34.780
10.80,9.85,33.960
10.81,9.65,32.440
10.82,9.71,33.980
10.83,9.79,33.420
10.84,9.81,33.600
10.85,9.83,34.100
10.86,9.87,34.280
10.87,9.88,35.760
10.88,9.89,35.980
10.89,9.90,36.080
10.90,9.92,36.700
10.91,9.97,36.760
10.92,10.03,36.060
10.93,10.08,35.560
10.94,10.19,35.420
10.95,10.29,37.140
10.96,10.30,36.840
10.97,10.36,35.940
10.98,10.42,36.580
10.99,10.46,36.700
11.00,10.54,36.140
11.01,10.57,36.080
11.02,10.68,35.880
11.03,10.80,35.500
11.04,10.94,36.020
11.05,11.14,34.840
11.06,11.50,36.580
11.07,11.80,37.120
11.08,12.16,36.340
11.09,12.57,38.540
11.10,13.28,40.700
11.11,13.83,40.560
11.12,14.46,35.420
11.13,15.53,34.680
11.14,16.22,41.140
11.15,17.53,44.500
11.16,18.43,52.460
11.17,19.49,44.040
11.18,20.66,50.140
11.19,21.59,47.960
11.20,22.74,55.920
11.21,23.54,55.540
11.22,25.07,51.100
11.23,25.93,43.320
11.24,26.28,48.840
11.25,26.04,58.460
11.26,25.72,60.880
11.27,25.66,62.040
11.28,24.70,56.480
11.29,25.38,58.460
11.30,25.86,72.480
11.31,25.29,71.540
11.32,24.45,103.380
11.33,24.93,116.140
11.34,25.68,140.300
11.35,27.05,103.980
11.36,27.58,56.040
11.37,28.74,86.980
11.38,26.33,169.520
11.39,26.36,179.640
11.40,23.70,116.420
11.41,22.90,164.400
11.42,24.68,174.780
11.43,24.56,213.120
11.44,23.72,219.780
11.45,24.22,224.200
11.46,23.80,229.240
11.47,23.51,225.560
11.48,23.73,254.279
11.49,24.76,246.260
11.50,25.04,249.840
11.51,25.35,247.400
11.52,26.26,239.340
11.53,27.56,239.100
11.54,27.27,229.520
11.55,23.06,190.960
11.56,26.46,161.580
11.57,25.39,131.180
11.58,25.63,107.520
11.59,23.68,100.960
11.60,23.49,155.700
11.61,23.53,216.000
11.62,23.08,201.840
11.63,24.26,234.780
11.64,25.87,212.840
11.65,24.09,160.680
11.66,25.81,142.540
11.67,25.09,173.580
11.68,24.56,166.740
11.69,25.07,145.200
11.70,26.12,156.100
11.71,26.24,157.160
11.72,26.18,152.360
11.73,26.07,145.180
11.74,26.34,123.180
11.75,26.66,143.380
11.76,28.03,146.400
11.77,28.25,150.540
11.78,28.63,145.660
11.79,26.82,214.260
11.80,27.83,227.380
11.81,28.44,204.200
11.82,29.51,194.980
11.83,30.74,131.760
11.84,31.36,153.220
11.85,32.01,183.200
11.86,33.26,145.320
11.87,35.72,155.900
11.88,35.58,162.440
11.89,37.95,164.140
11.90,37.35,167.580
11.91,36.08,174.000
11.92,32.30,229.160
11.93,32.49,199.960
11.94,31.51,139.280
11.95,31.75,124.400
11.96,31.64,165.980
11.97,31.57,150.440
11.98,31.70,153.760
11.99,31.89,142.280
12.00,32.43,138.540
12.01,32.29,114.260
12.02,32.60,123.000
12.03,32.71,135.400
12.04,32.68,136.020
12.05,32.09,115.360
12.06,31.82,119.620
12.07,32.29,96.920
12.08,31.35,95.820
12.09,31.82,102.200
12.10,31.31,104.840
12.11,30.60,82.840
12.12,29.90,94.920
12.13,29.63,81.420
12.14,29.15,88.220
12.15,27.93,86.120
12.16,27.48,91.520
12.17,26.18,85.160
12.18,24.72,77.240
12.19,23.32,86.280
12.20,22.59,98.780
12.21,22.25,97.800
12.22,21.81,105.020
12.23,21.05,88.980
12.24,20.57,114.200
12.25,20.24,111.360
12.26,19.93,109.540
12.27,19.52,106.880
12.28,19.22,104.760
12.29,18.86,107.080
12.30,18.55,105.780
12.31,18.17,107.160
12.32,17.83,108.700
12.33,17.71,98.020
12.34,17.43,83.760
12.35,17.14,85.620
12.36,16.85,84.540
12.37,16.71,80.720
12.38,16.42,72.300
12.39,16.16,73.300
12.40,16.06,68.420
12.41,15.25,63.280
12.42,15.28,62.680
12.43,15.27,61.580
12.44,15.26,61.840
12.45,15.22,60.000
12.46,15.17,62.120
12.47,15.09,63.200
12.48,15.00,64.980
12.49,14.96,65.480
12.50,14.90,64.920
12.51,14.84,65.580
12.52,14.77,64.600
12.53,14.69,64.040
12.54,14.59,65.620
12.55,14.49,65.700
12.56,14.35,65.960
12.57,14.24,65.080
12.58,14.09,66.620
12.59,13.97,65.580
12.60,13.78,65.500
12.61,13.65,65.440
12.62,13.54,66.460
12.63,13.39,66.600
12.64,13.31,65.780
12.65,13.16,66.560
12.66,13.06,65.640
12.67,12.94,65.120
12.68,12.74,65.420
12.69,12.61,65.540
12.70,12.40,63.200
12.71,12.26,63.980
12.72,12.06,63.780
12.73,11.89,63.220
12.74,11.65,60.700
12.75,11.49,61.820
12.76,11.32,60.860
12.77,11.07,59.900
12.78,10.87,62.120
12.79,10.66,60.440
12.80,10.49,62.640
12.81,10.36,62.320
12.82,10.18,61.640
12.83,10.09,60.560
12.84,10.03,60.840
12.85,9.99,61.340
12.86,9.99,60.960
12.87,10.04,56.740
12.88,10.34,54.700
12.89,10.70,53.780
12.90,11.05,54.400
12.91,11.29,56.460
12.92,11.56,57.340
12.93,11.74,59.280
12.94,11.98,61.060
12.95,12.14,62.220
12.96,12.27,62.120
12.97,12.45,62.420
12.98,12.52,60.600
12.99,12.62,61.260
13.00,12.73,62.520
13.01,12.82,64.000
13.02,12.99,62.900
13.03,13.11,62.660
13.04,13.24,62.420
13.05,13.28,62.660
13.06,13.34,62.660
13.07,13.36,64.780
13.08,13.36,64.340
13.09,13.35,65.460
13.10,13.38,65.760
13.11,13.44,65.320
13.12,13.49,65.920
13.13,13.56,64.200
13.14,13.63,64.400
13.15,13.67,67.380
13.16,13.71,65.280
13.17,13.67,66.860
13.18,13.56,68.420
13.19,13.46,67.080
13.20,13.42,65.640
13.21,13.36,63.520
13.22,13.35,65.140
13.23,13.29,66.300
13.24,13.23,64.680
13.25,13.21,66.100
13.26,13.23,64.580
13.27,13.32,63.480
13.28,13.39,62.180
13.29,13.49,61.180
13.30,13.62,59.400
13.31,13.73,58.300
13.32,13.80,59.220
13.33,13.87,57.560
13.34,13.78,50.040
13.35,13.88,49.340
13.36,14.01,48.940
13.37,14.17,49.580
13.38,14.27,49.500
13.39,14.40,48.940
13.40,14.43,49.180
13.41,14.45,50.480
13.42,14.51,49.760
13.43,14.45,51.780
13.44,14.11,48.880
13.45,13.98,51.320
13.46,13.88,49.860
13.47,13.61,51.340
13.48,13.35,55.040
13.49,13.10,51.580
13.50,12.94,52.000
13.51,12.78,51.180
13.52,12.69,52.100
13.53,12.60,50.440
13.54,12.53,50.560
13.55,12.47,50.440
13.56,12.37,49.420
13.57,12.28,49.780
13.58,12.21,47.040
13.59,12.19,45.760
13.60,12.18,45.760
13.61,12.13,44.240
13.62,12.10,41.000
13.63,12.05,41.420
13.64,12.02,41.200
13.65,11.95,40.180
13.66,11.89,39.920
13.67,11.73,39.520
13.68,11.63,39.920
13.69,11.48,39.040
13.70,11.25,39.720
13.71,11.12,40.360
13.72,11.02,39.680
13.73,10.91,40.400
13.74,10.86,38.620
13.75,10.81,38.760
13.76,10.78,37.020
13.77,10.75,36.760
13.78,10.65,37.520
13.79,10.58,37.500
13.80,10.20,35.400
13.81,10.23,35.900
13.82,10.22,35.620
13.83,10.18,35.380
13.84,10.12,35.560
13.85,10.10,36.120
13.86,10.11,37.800
13.87,10.14,38.940
13.88,10.20,40.680
13.89,10.28,40.120
13.90,10.43,40.100
13.91,10.54,40.940
13.92,10.68,40.340
13.93,10.75,40.220
13.94,10.80,41.080
13.95,10.83,41.420
13.96,10.86,41.500
13.97,10.84,42.500
13.98,10.81,42.340
13.99,10.75,43.300
14.00,10.67,43.540
14.01,10.62,44.920
14.02,10.56,46.000
14.03,10.53,45.000
14.04,10.49,46.060
14.05,10.46,46.160
14.06,10.48,44.580
14.07,10.53,45.060
14.08,10.69,43.560
14.09,10.82,44.860
14.10,10.95,44.520
14.11,11.18,41.380
14.12,11.30,40.560
14.13,11.43,41.100
14.14,11.66,39.000
14.15,11.85,39.920
14.16,12.07,37.220
14.17,12.39,36.140
14.18,12.58,36.700
14.19,12.82,35.580
14.20,13.06,34.620
14.21,13.25,34.160
14.22,13.44,35.100
14.23,13.75,35.340
14.24,13.92,35.760
14.25,14.15,35.940
14.26,14.42,38.700
14.27,14.42,34.720
14.28,14.84,38.600
14.29,15.27,40.000
14.30,15.52,42.380
14.31,15.82,44.580
14.32,16.02,44.660
14.33,16.20,45.680
14.34,16.44,46.200
14.35,16.59,47.400
14.36,16.79,49.840
14.37,16.93,50.700
14.38,17.08,51.560
14.39,17.27,52.220
14.40,17.37,54.840
14.41,17.50,57.480
14.42,17.60,57.920
14.43,17.63,60.500
14.44,17.64,61.580
14.45,17.59,61.880
14.46,17.44,66.820
14.47,17.35,65.120
14.48,17.21,67.420
14.49,16.96,67.540
14.50,16.78,68.740
14.51,16.62,67.160
14.52,16.35,67.740
14.53,16.16,69.300
14.54,15.92,68.680
14.55,15.75,69.260
14.56,15.61,67.740
14.57,15.45,66.100
14.58,15.36,66.220
14.59,15.24,61.940
14.60,15.13,61.120
14.61,14.98,60.660
14.62,14.71,63.020
14.63,14.51,62.240
14.64,14.24,59.800
14.65,14.04,61.820
14.66,13.89,61.080
14.67,13.70,60.520
14.68,13.63,59.360
14.69,13.66,58.040
14.70,13.79,58.500
14.71,14.14,57.660
14.72,14.51,56.900
14.73,14.94,56.720
14.74,15.49,57.360
14.75,16.58,48.780
14.76,17.17,45.980
14.77,18.01,44.960
14.78,18.62,44.460
14.79,19.13,43.520
14.80,19.85,52.780
14.81,20.40,52.960
14.82,21.02,54.220
14.83,21.54,54.800
14.84,22.01,54.500
14.85,22.72,58.600
14.86,22.90,58.880
14.87,23.22,57.900
14.88,23.51,62.000
14.89,23.66,61.860
14.90,23.37,61.000
14.91,23.28,59.300
14.92,23.38,59.180
14.93,24.00,57.240
14.94,24.59,60.220
14.95,24.90,55.820
14.96,25.54,57.040
14.97,25.46,62.140
14.98,25.71,62.840
14.99,25.89,69.980
15.00,26.23,71.620
15.01,26.44,74.000
15.02,26.76,79.260
15.03,27.00,80.700
15.04,27.28,81.940
15.05,27.70,82.860
15.06,27.92,83.260
15.07,27.99,81.520
15.08,28.19,94.640
15.09,28.33,101.560
15.10,28.50,103.320
15.11,29.29,94.380
15.12,29.79,92.100
15.13,30.13,90.680
15.14,30.12,92.560
15.15,29.40,96.600
15.16,29.58,119.820
15.17,29.47,116.260
15.18,29.52,114.760
15.19,29.86,123.940
15.20,30.04,124.420
15.21,30.30,123.340
15.22,29.87,117.660
15.23,29.60,131.220
15.24,29.11,124.520
15.25,29.65,116.020
15.26,28.61,120.760
15.27,28.84,135.520
15.28,28.58,142.760
15.29,28.77,138.660
15.30,28.99,126.880
15.31,29.16,122.900
15.32,29.38,112.240
15.33,29.32,104.060
15.34,29.28,103.900
15.35,29.51,97.820
15.36,29.11,109.460
15.37,27.41,104.060
15.38,28.16,95.960
15.39,28.39,93.520
15.40,28.49,92.680
15.41,29.12,80.660
15.42,29.45,81.260
15.43,29.57,78.440
15.44,29.78,82.180
15.45,29.85,77.600
15.46,29.68,75.100
15.47,29.36,84.380
15.48,29.28,84.980
15.49,29.24,83.720
15.50,29.23,91.740
15.51,28.91,98.360
15.52,28.88,99.600
15.53,28.76,97.060
15.54,28.92,94.780
15.55,29.18,98.980
15.56,29.49,101.060
15.57,30.02,104.900
15.58,30.65,107.420
15.59,31.16,113.780
15.60,31.16,146.740
15.61,30.50,160.160
15.62,30.77,146.540
15.63,31.99,116.000
15.64,32.29,140.640
15.65,32.08,140.280
15.66,30.74,171.380
15.67,31.49,162.420
15.68,31.43,167.300
15.69,31.49,180.720
15.70,31.31,183.140
15.71,31.60,169.400
15.72,31.90,146.720
15.73,31.67,135.920
15.74,31.07,145.520
15.75,30.38,188.860
15.76,30.12,179.660
15.77,30.19,171.620
15.78,29.68,173.180
15.79,29.60,177.120
15.80,28.84,148.100
15.81,29.01,123.300
15.82,28.47,129.460
15.83,27.99,118.600
15.84,25.94,115.440
15.85,26.26,114.680
15.86,26.52,114.240
15.87,26.68,107.800
15.88,26.64,103.540
15.89,26.77,74.480
15.90,26.92,70.720
15.91,26.98,73.040
15.92,26.61,78.280
15.93,26.76,83.980
15.94,26.69,97.960
15.95,26.98,96.580
15.96,27.26,95.420
15.97,27.69,91.020
15.98,27.97,92.520
15.99,28.19,98.820
16.00,28.47,97.800
16.01,28.39,91.880
16.02,28.32,93.620
16.03,28.57,92.100
16.04,28.76,92.620
16.05,28.60,95.300
16.06,28.36,96.600
16.07,28.20,96.200
16.08,28.13,81.260
16.09,27.75,82.800
16.10,27.49,74.660
16.11,27.30,82.700
16.12,27.12,80.100
16.13,27.07,72.260
16.14,26.62,68.660
16.15,26.26,74.500
16.16,26.18,72.180
16.17,25.91,68.860
16.18,25.78,70.400
16.19,25.51,75.220
16.20,25.28,72.900
16.21,24.98,77.020
16.22,24.59,80.660
16.23,24.50,87.260
16.24,24.36,87.500
16.25,24.27,86.180
16.26,24.22,90.640
16.27,24.22,90.700
16.28,24.16,92.000
16.29,24.10,100.800
16.30,24.12,102.800
16.31,23.73,95.580
16.32,23.88,91.380
16.33,23.90,91.100
16.34,23.76,91.140
16.35,23.82,89.220
16.36,23.82,89.300
16.37,23.75,87.840
16.38,23.75,88.540
16.39,23.85,90.740
16.40,24.12,89.260
16.41,24.24,88.580
16.42,24.32,89.180
16.43,24.47,89.860
16.44,24.57,90.300
16.45,24.67,90.640
16.46,24.72,92.360
16.47,24.83,94.860
16.48,24.95,95.580
16.49,25.09,95.540
16.50,25.23,95.740
16.51,25.32,95.380
16.52,25.59,93.740
16.53,25.82,90.840
16.54,26.07,94.840
16.55,26.32,95.640
16.56,26.57,95.620
16.57,26.93,98.120
16.58,27.18,100.320
16.59,27.36,100.160
16.60,27.54,105.660
16.61,27.77,107.540
16.62,28.00,104.620
16.63,28.24,109.220
16.64,28.56,111.120
16.65,28.80,111.960
16.66,28.59,120.300
16.67,28.41,124.560
16.68,28.69,118.020
16.69,29.09,113.620
16.70,29.45,114.880
16.71,29.80,108.080
16.72,30.15,111.260
16.73,29.90,107.140
16.74,29.11,117.560
16.75,29.12,123.000
16.76,29.06,124.640
16.77,28.51,122.840
16.78,29.02,119.460
16.79,29.21,111.920
16.80,29.24,122.560
16.81,29.23,123.680
16.82,29.12,121.000
16.83,28.97,120.880
16.84,28.89,123.280
16.85,28.85,129.860
16.86,28.28,146.240
16.87,26.71,136.600
16.88,27.55,111.180
16.89,27.67,106.940
16.90,27.47,104.620
16.91,27.28,109.340
16.92,27.22,110.500
16.93,26.97,113.280
16.94,26.83,112.900
16.95,26.67,111.280
16.96,26.46,109.300
16.97,26.24,112.660
16.98,26.07,111.760
16.99,25.99,113.540
17.00,25.95,113.480
17.01,25.91,114.940
17.02,25.91,113.500
17.03,25.80,113.840
17.04,25.77,112.000
17.05,25.70,108.600
17.06,25.66,106.480
17.07,25.60,107.800
17.08,25.57,107.580
17.09,25.62,104.160
17.10,25.62,105.080
17.11,25.65,104.140
17.12,25.68,102.560
17.13,25.70,102.140
17.14,25.70,103.240
17.15,25.65,102.580
17.16,25.61,102.300
17.17,25.55,102.760
17.18,25.39,104.300
17.19,25.25,103.840
17.20,25.07,103.820
17.21,24.90,102.140
17.22,24.68,103.800
17.23,24.62,103.500
17.24,24.71,104.460
17.25,24.76,106.940
17.26,24.87,105.000
17.27,24.90,101.440
17.28,24.96,100.980
17.29,24.87,99.480
17.30,24.59,105.180
17.31,24.46,104.280
17.32,24.26,106.820
17.33,23.94,102.400
17.34,23.00,94.020
17.35,23.16,91.400
17.36,23.06,89.300
17.37,22.86,86.040
17.38,22.45,83.560
17.39,22.21,86.980
17.40,21.89,84.540
17.41,21.62,84.860
17.42,21.37,86.560
17.43,21.10,88.520
17.44,20.99,87.800
17.45,20.74,83.060
17.46,20.63,83.080
17.47,20.48,84.140
17.48,20.30,87.300
17.49,20.15,86.620
17.50,19.94,84.340
17.51,19.83,85.280
17.52,19.74,78.760
17.53,19.69,75.580
17.54,19.64,80.060
17.55,19.72,77.300
17.56,19.83,77.540
17.57,20.06,76.380
17.58,20.24,77.380
17.59,20.27,74.780
17.60,20.32,75.100
17.61,20.46,74.700
17.62,20.59,73.100
17.63,20.62,68.560
17.64,20.63,68.160
17.65,20.61,68.360
17.66,20.51,70.340
17.67,20.40,67.220
17.68,20.29,66.200
17.69,20.20,63.400
17.70,20.03,65.180
17.71,19.93,65.780
17.72,19.70,69.660
17.73,19.60,68.320
17.74,19.46,69.460
17.75,19.37,65.740
17.76,19.27,69.120
17.77,19.08,69.200
17.78,19.00,66.640
17.79,18.92,68.600
17.80,18.84,69.440
17.81,14.99,110.880
17.82,18.32,72.620
17.83,18.42,69.500
17.84,18.42,67.560
17.85,18.39,68.020
17.86,18.35,68.580
17.87,18.30,68.460
17.88,18.21,69.000
17.89,18.19,68.760
17.90,18.19,69.520
17.91,18.22,69.620
17.92,18.33,70.060
17.93,18.52,68.800
17.94,18.62,69.200
17.95,18.64,69.860
17.96,18.70,71.200
17.97,18.80,70.560
17.98,18.78,69.920
17.99,18.78,70.060
18.00,18.83,68.360
18.01,18.85,70.100
18.02,18.87,72.140
18.03,18.96,68.500
18.04,19.00,70.900
18.05,19.05,71.440
18.06,19.12,69.860
18.07,19.15,70.360
18.08,19.16,72.300
18.09,19.13,74.140
18.10,19.19,72.540
18.11,19.26,72.420
18.12,19.35,73.980
18.13,19.48,74.940
18.14,19.59,71.820
18.15,19.80,70.940
18.16,19.98,67.080
18.17,20.08,69.500
18.18,20.18,69.520
18.19,20.15,69.000
18.20,20.27,70.540
18.21,20.40,70.380
18.22,20.58,74.460
18.23,20.78,72.800
18.24,20.99,69.920
18.25,21.11,73.680
18.26,21.17,74.080
18.27,21.20,76.540
18.28,20.86,77.020
18.29,22.11,76.000
18.30,22.35,75.440
18.31,22.52,74.840
18.32,22.77,76.520
18.33,22.91,74.740
18.34,23.02,70.860
18.35,23.05,76.000
18.36,23.07,77.220
18.37,23.11,77.600
18.38,23.08,77.720
18.39,22.95,79.660
18.40,22.86,82.420
18.41,22.77,81.480
18.42,22.79,83.320
18.43,22.78,83.720
18.44,22.68,86.500
18.45,22.61,89.040
18.46,22.50,85.660
18.47,22.30,90.400
18.48,22.14,92.920
18.49,21.90,92.720
18.50,21.94,87.840
18.51,22.04,83.940
18.52,22.04,83.880
18.53,22.08,83.520
18.54,22.11,80.860
18.55,22.00,79.440
18.56,21.79,77.040
18.57,21.72,80.960
18.58,21.69,81.100
18.59,21.75,75.340
18.60,21.82,76.560
18.61,21.94,76.160
18.62,22.19,72.240
18.63,22.41,74.960
18.64,22.64,79.200
18.65,22.84,76.380
18.66,22.95,75.920
18.67,22.72,75.380
18.68,23.05,73.460
18.69,23.24,72.280
18.70,23.42,74.380
18.71,23.55,73.100
18.72,23.76,68.020
18.73,23.80,70.340
18.74,23.67,71.120
18.75,23.53,71.480
18.76,23.63,72.580
18.77,23.33,70.400
18.78,23.27,73.040
18.79,22.96,77.860
18.80,22.87,81.400
18.81,22.38,81.460
18.82,22.64,78.980
18.83,22.71,78.080
18.84,22.91,81.780
18.85,22.90,80.700
18.86,22.83,86.480
18.87,22.90,84.640
18.88,22.94,83.060
18.89,23.05,83.600
18.90,23.22,84.320
18.91,23.31,84.680
18.92,23.41,81.180
18.93,23.51,78.940
18.94,23.62,80.320
18.95,23.79,77.340
18.96,23.86,81.560
18.97,23.63,91.620
18.98,23.91,89.380
18.99,23.84,90.580
19.00,23.92,87.160
19.01,23.96,89.080
19.02,23.96,90.480
19.03,24.00,90.440
19.04,24.08,91.920
19.05,24.21,94.340
19.06,24.34,96.800
19.07,24.45,95.220
19.08,24.58,97.560
19.09,24.63,98.080
19.10,24.57,98.860
19.11,24.35,89.740
19.12,24.07,86.180
19.13,23.87,87.540
19.14,23.72,84.200
19.15,23.59,81.420
19.16,23.39,80.800
19.17,23.21,82.720
19.18,23.02,80.700
19.19,22.92,84.100
19.20,22.74,85.620
19.21,22.61,85.040
19.22,22.46,88.180
19.23,22.28,88.880
19.24,22.17,88.420
19.25,21.92,86.960
19.26,21.72,87.500
19.27,21.03,88.740
19.28,21.21,85.100
19.29,21.23,82.880
19.30,21.18,81.620
19.31,21.10,81.560
19.32,21.13,79.020
19.33,21.20,79.260
19.34,21.28,77.960
19.35,21.30,77.960
19.36,21.26,78.760
19.37,21.23,77.820
19.38,21.19,80.720
19.39,21.20,79.780
19.40,21.15,79.580
19.41,21.14,78.860
19.42,21.13,80.020
19.43,21.14,81.500
19.44,21.13,79.520
19.45,21.19,78.980
19.46,21.23,78.640
19.47,21.24,78.880
19.48,21.26,75.980
19.49,21.23,75.120
19.50,21.22,75.300
19.51,21.23,74.120
19.52,21.23,73.580
19.53,21.20,73.300
19.54,21.19,72.800
19.55,21.26,73.200
19.56,21.32,74.600
19.57,21.34,72.940
19.58,21.33,72.780
19.59,21.26,72.220
19.60,21.28,71.140
19.61,21.27,71.980
19.62,21.25,73.700
19.63,21.29,71.600
19.64,21.38,69.540
19.65,21.45,72.100
19.66,21.46,74.960
19.67,21.48,80.100
19.68,21.71,78.340
19.69,21.91,71.400
19.70,22.01,71.020
19.71,22.16,70.180
19.72,22.23,77.580
19.73,21.31,87.020
19.74,21.74,72.100
19.75,21.49,82.300
19.76,21.33,82.820
19.77,21.35,78.740
19.78,21.37,77.280
19.79,21.33,78.840
19.80,21.27,79.700
19.81,21.19,82.160
19.82,21.10,81.200
19.83,20.93,83.060
19.84,20.79,83.680
19.85,20.66,83.360
19.86,20.52,84.940
19.87,20.33,86.360
19.88,20.13,85.200
19.89,19.87,79.720
19.90,19.69,75.480
19.91,19.54,76.600
19.92,19.48,77.500
19.93,19.51,77.400
19.94,19.52,78.340
19.95,19.54,76.120
19.96,19.49,75.020
19.97,19.44,74.520
19.98,19.43,75.640
19.99,19.39,74.380
20.00,19.41,73.240
20.01,19.35,73.500
20.02,19.41,71.040
20.03,19.40,71.140
20.04,19.36,70.740
20.05,19.32,67.860
20.06,19.29,70.240
20.07,19.25,71.400
20.08,19.25,70.840
20.09,19.22,75.480
20.10,19.21,74.520
20.11,19.20,74.980
20.12,19.30,72.340
20.13,19.30,74.740
20.14,19.41,70.880
20.15,19.48,73.020
20.16,19.61,75.200
20.17,19.72,75.700
20.18,20.04,70.020
20.19,20.22,73.120
20.20,20.11,72.800
20.21,20.57,67.040
20.22,20.85,65.580
20.23,21.01,64.460
20.24,21.13,64.300
20.25,21.16,65.060
20.26,21.14,67.760
20.27,21.05,67.320
20.28,20.99,68.880
20.29,20.89,69.200
20.30,20.78,71.960
20.31,20.68,74.600
20.32,20.61,74.180
20.33,20.56,74.820
20.34,20.47,76.500
20.35,20.38,77.860
20.36,20.28,77.040
20.37,20.17,77.000
20.38,20.13,78.920
20.39,19.91,75.040
20.40,19.86,74.880
20.41,19.78,75.020
20.42,19.67,72.800
20.43,19.55,72.840
20.44,19.39,71.360
20.45,19.22,72.060
20.46,19.06,70.860
20.47,19.03,68.740
20.48,19.00,69.100
20.49,18.98,68.960
20.50,19.06,68.520
20.51,19.18,69.320
20.52,19.23,69.740
20.53,19.34,68.320
20.54,19.44,66.300
20.55,19.57,64.360
20.56,19.76,63.260
20.57,19.90,60.600
20.58,19.99,61.420
20.59,20.04,61.900
20.60,20.07,61.520
20.61,20.11,63.220
20.62,20.09,63.260
20.63,20.10,61.480
20.64,20.11,60.480
20.65,20.17,59.360
20.66,20.17,58.060
20.67,19.82,63.840
20.68,20.03,61.580
20.69,20.02,59.060
20.70,20.00,59.520
20.71,20.03,62.400
20.72,19.99,64.660
20.73,20.04,62.800
20.74,20.14,65.760
20.75,20.21,67.620
20.76,20.39,64.460
20.77,20.50,68.320
20.78,18.59,97.160
20.79,19.98,71.640
20.80,20.55,68.640
20.81,20.82,68.920
20.82,21.24,68.000
20.83,21.46,68.940
20.84,21.69,68.740
20.85,21.92,67.820
20.86,22.04,69.300
20.87,22.09,70.520
20.88,21.99,72.080
20.89,21.79,74.760
20.90,21.66,74.900
20.91,21.46,78.320
20.92,21.27,80.080
20.93,21.12,82.880
20.94,21.00,84.660
20.95,20.94,86.720
20.96,20.92,87.580
20.97,20.92,87.640
20.98,20.88,88.500
20.99,20.75,88.040
21.00,20.66,87.140
21.01,20.62,86.080
21.02,20.59,84.020
21.03,20.54,82.320
21.04,20.50,83.060
21.05,20.50,82.940
21.06,20.58,82.680
21.07,20.76,81.460
21.08,20.91,81.080
21.09,21.07,81.780
21.10,21.11,82.420
21.11,21.13,83.760
21.12,21.20,83.860
21.13,21.26,83.020
21.14,21.36,86.180
21.15,21.47,85.120
21.16,21.45,85.900
21.17,21.30,87.440
21.18,21.15,87.220
21.19,20.95,86.520
21.20,20.86,87.220
21.21,20.68,86.680
21.22,20.63,86.680
21.23,20.60,84.500
21.24,20.58,85.160
21.25,17.58,53.940
21.26,20.31,83.620
21.27,20.65,79.380
21.28,20.77,78.240
21.29,21.00,75.700
21.30,21.15,79.040
21.31,21.19,76.960
21.32,21.17,75.680
21.33,21.13,76.060
21.34,21.02,76.480
21.35,20.91,77.640
21.36,20.84,77.520
21.37,20.77,78.240
21.38,20.78,78.580
21.39,20.79,80.000
21.40,20.91,77.240
21.41,20.97,76.560
21.42,21.03,77.800
21.43,21.10,76.560
21.44,21.10,78.740
21.45,21.05,77.500
21.46,20.98,77.160
21.47,20.92,77.300
21.48,20.74,78.960
21.49,20.64,78.860
21.50,20.37,77.460
21.51,20.24,80.440
21.52,20.07,81.640
21.53,19.85,84.440
21.54,19.76,85.080
21.55,19.71,84.920
21.56,19.68,83.240
21.57,19.65,84.780
21.58,19.66,84.380
21.59,19.73,82.060
21.60,19.72,81.020
21.61,19.65,77.780
21.62,19.48,73.780
21.63,19.47,72.700
21.64,19.32,75.320
21.65,19.20,68.000
21.66,19.07,66.620
21.67,18.95,66.780
21.68,18.81,65.360
21.69,18.68,64.840
21.70,18.54,66.820
21.71,18.35,69.040
21.72,9.42,-9.980
21.73,15.88,50.660
21.74,17.95,68.700
21.75,17.98,67.640
21.76,17.91,67.320
21.77,17.89,67.340
21.78,17.81,66.660
21.79,17.79,64.560
21.80,17.74,65.720
21.81,17.70,64.900
21.82,17.69,66.580
21.83,17.65,66.660
21.84,17.64,68.180
21.85,14.93,42.480
21.86,17.24,70.520
21.87,17.45,67.500
21.88,17.56,65.720
21.89,17.68,64.940
21.90,17.73,65.160
21.91,17.79,64.220
21.92,17.97,66.740
21.93,17.89,66.380
21.94,17.91,67.680
21.95,17.74,70.660
21.96,17.78,71.260
21.97,17.76,70.180
21.98,17.76,70.740
21.99,17.82,69.860
22.00,17.85,71.080
22.01,17.88,71.800
22.02,17.93,71.540
22.03,18.02,71.520
22.04,18.11,71.700
22.05,18.19,73.640
22.06,18.25,75.460
22.07,18.28,75.640
22.08,18.30,75.700
22.09,18.34,74.760
22.10,18.36,73.680
22.11,18.40,73.780
22.12,18.42,74.500
22.13,18.43,74.600
22.14,18.40,76.340
22.15,18.33,74.140
22.16,18.20,78.460
22.17,18.08,79.320
22.18,17.61,80.900
22.19,15.82,104.340
22.20,16.76,96.500
22.21,17.18,89.940
22.22,16.99,95.380
22.23,16.41,87.600
22.24,17.59,82.900
22.25,17.69,78.600
22.26,17.71,78.200
22.27,17.68,76.840
22.28,17.65,74.940
22.29,17.70,75.040
22.30,17.70,75.780
22.31,17.77,74.320
22.32,17.86,74.180
22.33,17.99,74.820
22.34,18.22,72.420
22.35,18.42,66.080
22.36,18.58,67.860
22.37,18.90,68.440
22.38,19.07,70.100
22.39,19.40,68.000
22.40,19.56,67.780
22.41,19.66,69.080
22.42,19.77,68.160
22.43,19.69,69.240
22.44,19.70,70.240
22.45,19.60,73.020
22.46,19.54,72.000
22.47,19.55,71.780
22.48,19.52,74.320
22.49,19.43,76.120
22.50,19.35,73.520
22.51,19.18,73.460
22.52,19.14,72.400
22.53,19.11,70.620
22.54,19.15,71.480
22.55,19.22,69.580
22.56,19.37,69.340
22.57,19.50,70.300
22.58,19.65,70.280
22.59,19.81,70.480
22.60,19.86,68.880
22.61,19.81,69.640
22.62,19.75,70.620
22.63,19.65,72.380
22.64,19.52,72.700
22.65,19.43,73.400
22.66,19.38,73.740
22.67,19.34,75.920
22.68,19.34,74.100
22.69,19.39,76.220
22.70,18.81,85.720
22.71,19.24,75.260
22.72,19.29,71.960
22.73,19.29,72.040
22.74,19.31,70.020
22.75,19.28,72.400
22.76,19.26,71.340
22.77,19.24,72.440
22.78,19.25,71.120
22.79,19.29,72.640
22.80,19.33,73.420
22.81,19.31,72.020
22.82,19.26,73.320
22.83,19.26,72.180
22.84,19.24,73.720
22.85,19.22,74.320
22.86,19.20,75.700
22.87,19.31,74.100
22.88,19.33,76.620
22.89,19.30,74.220
22.90,19.23,73.720
22.91,19.19,74.160
22.92,19.11,76.040
22.93,18.86,76.940
22.94,18.82,76.740
22.95,18.85,75.600
22.96,18.98,73.660
22.97,18.47,79.500
22.98,18.35,74.680
22.99,18.42,77.460
23.00,18.22,76.200
23.01,18.26,69.720
23.02,18.32,79.300
23.03,18.41,74.720
23.04,18.48,73.940
23.05,18.52,73.380
23.06,18.52,73.840
23.07,18.61,73.060
23.08,18.75,73.040
23.09,18.87,70.980
23.10,18.93,74.500
23.11,18.94,78.060
23.12,19.35,72.080
23.13,19.32,78.080
23.14,19.33,77.780
23.15,19.38,79.480
23.16,19.48,73.160
23.17,19.12,74.000
23.18,19.40,81.520
23.19,19.56,78.420
23.20,19.70,74.940
23.21,19.73,73.420
23.22,19.77,73.900
23.23,19.79,75.060
23.24,19.90,74.740
23.25,19.93,76.300
23.26,20.14,84.240
23.27,20.17,92.040
23.28,20.07,96.980
23.29,19.88,84.800
23.30,19.68,83.800
23.31,19.96,70.200
23.32,19.66,75.180
23.33,19.55,64.800
23.34,19.80,64.720
23.35,19.61,66.820
23.36,19.65,73.400
23.37,19.31,74.860
23.38,19.29,74.880
23.39,18.86,85.640
23.40,18.59,94.720
23.41,18.62,96.960
23.42,18.52,96.980
23.43,18.46,98.080
23.44,18.44,97.000
23.45,18.43,92.520
23.46,18.46,82.680
23.47,18.65,82.900
23.48,18.84,78.860
23.49,19.10,80.540
23.50,19.27,78.280
23.51,19.43,77.500
23.52,19.46,67.600
23.53,19.48,68.300
23.54,19.51,61.100
23.55,19.60,57.840
23.56,19.63,58.600
23.57,19.62,58.320
23.58,19.82,58.840
23.59,19.96,60.440
23.60,20.04,57.580
23.61,19.84,60.920
23.62,19.95,74.000
23.63,19.99,63.020
23.64,19.30,78.960
23.65,19.93,63.400
23.66,20.11,63.540
23.67,20.16,65.280
23.68,20.08,65.460
23.69,20.04,68.280
23.70,19.90,70.760
23.71,19.63,71.920
23.72,19.36,74.280
23.73,18.93,77.660
23.74,18.70,78.440
23.75,18.42,79.940
23.76,18.22,79.500
23.77,18.10,77.300
23.78,17.99,76.880
23.79,17.86,80.740
23.80,17.98,81.120
23.81,18.09,82.820
23.82,18.33,81.100
23.83,18.53,75.040
23.84,18.73,73.360
23.85,18.79,74.100
23.86,18.87,72.840
23.87,18.85,71.080
23.88,18.56,72.840
23.89,17.94,83.640
23.90,18.49,72.920
23.91,18.68,68.080
23.92,18.92,66.380
23.93,19.09,67.260
23.94,19.40,70.380
23.95,19.56,69.340
23.96,19.46,71.780
23.97,19.37,76.020
23.98,19.47,80.580
23.99,19.49,81.880
24.00,19.57,85.920
24.01,19.66,88.040
24.02,19.94,93.100
24.03,20.35,96.280
24.04,19.94,106.220
24.05,19.49,100.060
24.06,19.45,106.340
24.07,19.49,119.900
24.08,19.66,117.420
24.09,19.70,116.160
24.10,19.89,114.020
24.11,20.05,108.880
24.12,20.34,104.440
24.13,20.67,101.000
24.14,21.16,97.880
24.15,21.56,98.520
24.16,22.13,92.280
24.17,22.39,97.200
24.18,22.73,97.480
24.19,22.94,93.620
24.20,23.13,87.680
24.21,23.26,85.500
24.22,23.30,85.020
24.23,23.29,89.600
24.24,23.33,89.680
24.25,23.31,91.820
24.26,23.31,92.140
24.27,23.29,100.260
24.28,23.28,103.040
24.29,23.45,107.140
24.30,23.67,112.000
24.31,23.97,111.960
24.32,24.43,114.860
24.33,24.73,109.580
24.34,24.87,113.580
24.35,25.06,110.240
24.36,25.54,106.780
24.37,25.92,99.980
24.38,26.02,95.260
24.39,26.25,95.920
24.40,26.42,91.920
24.41,26.32,91.180
24.42,26.58,86.340
24.43,26.62,94.480
24.44,26.85,90.160
24.45,26.93,94.200
24.46,27.14,98.460
24.47,27.41,102.500
24.48,27.63,102.660
24.49,27.80,101.240
24.50,27.92,101.180
24.51,28.03,106.540
24.52,28.15,109.380
24.53,28.16,108.680
24.54,28.09,110.080
24.55,28.07,114.500
24.56,27.97,116.380
24.57,27.85,110.620
24.58,27.81,111.000
24.59,27.82,113.300
24.60,27.86,111.940
24.61,27.90,114.400
24.62,28.09,113.520
24.63,28.20,113.760
24.64,28.28,113.980
24.65,28.28,111.380
24.66,28.11,109.560
24.67,27.71,117.000
24.68,27.25,114.000
24.69,26.58,118.800
24.70,25.81,115.980
24.71,24.99,121.220
24.72,24.86,122.040
24.73,25.02,127.340
24.74,25.30,129.000
24.75,25.28,132.980
24.76,25.24,141.380
24.77,25.42,145.300
24.78,25.65,144.400
24.79,25.66,149.620
24.80,25.96,150.840
24.81,25.92,147.720
24.82,22.88,188.520
24.83,24.93,151.220
24.84,25.31,136.920
24.85,25.42,132.740
24.86,25.44,128.720
24.87,25.31,125.640
24.88,25.04,120.280
24.89,24.74,121.980
24.90,24.28,118.720
24.91,23.82,114.200
24.92,23.31,108.900
24.93,22.77,102.240
24.94,22.03,94.540
24.95,21.61,91.380
24.96,21.12,83.100
24.97,20.64,84.320
24.98,20.14,82.640
24.99,19.27,84.560
25.00,18.77,83.360
25.01,18.48,79.460
25.02,18.33,76.940
25.03,17.27,71.880
25.04,15.40,89.000
25.05,13.33,78.760
25.06,10.93,99.260
25.07,9.14,94.860
25.08,7.78,104.680
25.09,6.86,120.100
25.10,6.14,127.120
25.11,5.62,140.100
25.12,5.08,158.500
25.13,4.52,170.560
25.14,4.31,169.680
25.15,4.11,165.060
25.16,3.96,160.060
25.17,3.92,146.500
25.18,3.94,129.160
25.19,4.06,115.500
25.20,4.20,106.420
25.21,4.27,102.080
25.22,4.25,92.320
25.23,4.19,76.620
25.24,4.08,62.760
25.25,3.98,53.300
25.26,3.86,37.820
25.27,3.73,31.100
25.28,2.19,19.560
25.29,3.72,41.480
25.30,3.56,45.720
25.31,3.36,46.100
25.32,3.22,44.200
25.33,3.14,42.660
25.34,3.08,38.880
25.35,2.92,35.140
25.36,2.80,27.160
25.37,2.70,22.720
25.38,2.31,0.720
25.39,2.73,17.980
25.40,2.74,18.520
25.41,2.81,19.480
25.42,3.10,19.380
25.43,3.84,16.380
25.44,4.69,7.760
25.45,5.72,9.700
25.46,6.48,9.140
25.47,6.62,23.160
25.48,6.08,24.620
25.49,4.22,28.260
25.50,4.75,20.300
25.51,4.21,21.900
25.52,3.87,31.740
25.53,3.71,42.960
25.54,3.58,49.140
25.55,3.12,58.000
25.56,2.70,57.160
25.57,2.50,52.760
25.58,2.60,47.860
25.59,2.72,44.820
25.60,2.98,39.120
25.61,3.22,35.320
25.62,3.35,46.060
25.63,3.36,48.700
25.64,3.30,51.480
25.65,3.09,53.520
25.66,2.87,57.960
25.67,2.61,59.700
25.68,2.39,61.600
25.69,2.21,56.280
25.70,2.08,50.020
25.71,2.00,41.880
25.72,1.91,38.360
25.73,1.86,34.520
25.74,1.81,28.740
25.75,2.04,24.620
25.76,2.05,27.760
25.77,1.96,31.660
25.78,1.88,32.320
25.79,1.76,32.320
25.80,1.66,32.180
25.81,1.55,31.760
25.82,1.51,27.360
25.83,1.48,23.060
25.84,1.49,20.240
25.85,1.53,18.340
25.86,1.62,16.220
25.87,1.67,14.600
25.88,2.31,19.480
25.89,2.25,23.720
25.90,2.16,26.700
25.91,2.02,29.800
25.92,1.84,28.860
25.93,1.72,30.460
25.94,1.60,30.420
25.95,1.57,29.500
25.96,1.53,28.140
25.97,1.50,25.240
25.98,1.49,21.320
25.99,1.47,19.300
26.00,1.46,18.180
26.01,1.45,18.480
26.02,1.43,19.600
26.03,1.42,19.360
26.04,1.43,18.160
26.05,1.44,16.660
26.06,1.44,15.380
26.07,1.45,14.220
26.08,1.44,13.860
26.09,1.44,13.180
26.10,1.42,12.700
26.11,1.42,12.480
26.12,1.41,12.600
26.13,1.39,12.840
26.14,1.39,11.980
26.15,1.38,11.860
26.16,1.38,11.020
26.17,1.38,10.940
26.18,1.44,11.060
26.19,1.56,11.760
26.20,1.92,9.100
26.21,2.51,13.140
26.22,3.48,11.440
26.23,4.61,9.880
26.24,5.63,3.200
26.25,6.52,7.680
26.26,6.77,4.180
26.27,6.98,2.900
26.28,7.10,2.880
26.29,7.20,3.720
26.30,7.31,3.160
26.31,7.36,2.820
26.32,7.39,1.080
26.33,7.42,2.220
26.34,7.47,3.240
26.35,7.79,12.780
26.36,7.94,14.780
26.37,8.12,17.620
26.38,8.20,20.020
26.39,8.44,22.740
26.40,8.70,24.480
26.41,8.97,29.660
26.42,9.29,32.740
26.43,9.64,35.080
26.44,9.80,36.320
26.45,10.19,37.240
26.46,10.55,38.480
26.47,10.99,40.660
26.48,11.42,41.540
26.49,11.95,43.640
26.50,12.48,45.100
26.51,13.13,46.520
26.52,13.84,42.740
26.53,14.17,49.060
26.54,14.83,49.860
26.55,15.56,51.060
26.56,16.22,47.120
26.57,16.80,54.000
26.58,17.41,50.880
26.59,17.99,55.520
26.60,18.60,54.060
26.61,19.16,58.480
26.62,19.73,57.300
26.63,20.22,63.140
26.64,20.78,60.560
26.65,21.27,65.520
26.66,21.78,62.600
26.67,22.22,68.200
26.68,22.69,65.300
26.69,23.05,72.740
26.70,23.44,70.120
26.71,23.82,74.040
26.72,24.30,77.160
26.73,24.68,79.060
26.74,24.96,79.340
26.75,25.21,83.040
26.76,25.43,83.740
26.77,25.62,87.080
26.78,25.82,88.180
26.79,26.01,92.820
26.80,25.84,96.360
26.81,26.48,90.880
26.82,26.65,91.360
26.83,26.86,95.460
26.84,27.03,94.120
26.85,27.12,95.680
26.86,27.28,98.440
26.87,27.45,97.540
